,station,lat,lon,distance(km),EW-PGA,NS-PGA,UD-PGA,PGA,EW-PGV,NS-PGV,UD-PGV,PGV,I
0,C5808,24.52736,118.57318,345.88626037558186,0.0,0.0,0.0,0.0,0.0,0.0,0.0,0.0,1.0
1,B4411,25.20113,119.51973,349.9607258336146,2.9735634197486096,2.5320052900158427,2.311617137337094,3.038388727934109,1.06342952119817,0.26035941095040294,1.1861723544343044,1.5658754538021744,10.354271648879397
2,C5704,24.6822,118.6846,350.17152445577926,3.544015433617992,2.6262841554101928,2.7702980449419643,3.6760478387824387,3.047344854570819,0.9034025589335378,1.4373582870597068,3.4767666613618022,11.39352663366886
3,C5809,24.62576,118.618,350.3108067175137,7.118509042884471,23.76136982812796,34.48006018238669,42.463628140286446,0.8024671058080429,3.5180950664782804,5.8363251932306985,6.77426679043277,12.0
4,C5702,24.7524,118.7604,350.8115873314278,3.276724876636651,5.494783662032246,2.326233792348819,5.495469073879043,1.3542814733862383,4.487808476855418,0.9515187829511357,4.757088755760681,11.80202376313768
5,C5703,24.7259,118.7256,350.94669400680425,3.4261394029281003,4.554386883944578,3.088452867163198,4.660027548270854,0.2615845472821661,1.0683369650064558,0.1591636771827115,1.0851233017906303,9.876437268686677
6,C5307,24.891,118.923,352.29379085781204,2.5224145682268135,3.238582888305948,2.4891619413542654,3.267664481082987,1.829860820642027,0.6939977739896313,0.4446735085183749,1.9701155375401942,10.653475088400725
7,C5311,24.94906,118.99816,352.9329835525575,3.7724632759309285,4.8049159599460936,3.30227864107535,5.253274002994056,1.1290285999012746,3.5960898652695406,0.6225574279000743,3.7589789172256003,11.49520966975256
8,C5807,24.60303,118.55213,353.2487998850937,3.0319924219621264,3.180716080632033,2.5128188345659077,3.371834118526527,2.76613276029903,2.5662971331523408,1.2779200867057185,3.922753125323166,11.550772931258162
9,C5306,24.91974,118.8907,356.80560486073364,2.240693628455261,2.23280784427682,2.616944289830668,2.618148425693612,1.5267635323159459,1.6718472904726651,0.21934896062334214,2.2523126661764756,10.827886037449408
10,B4410,25.0845,119.1246,358.1675072656394,5.946835313347919,6.28814401491997,8.320529846605844,9.780195892430264,1.9115406136545139,1.233288486535445,1.7389178927152138,2.76934703399948,11.09713214514287
11,C5805,24.6844,118.5655,358.6697336663261,5.868237700459815,5.639889649208224,3.6333948174179307,7.119280446898805,0.611164851435256,0.5914858610179184,0.26714961480357774,0.8476197251887729,9.554603164223494
12,C5705,24.7264,118.6109,358.8430592475318,7.234420357073495,5.15707794193002,8.508292348845815,10.21971912226034,2.16628084750911,1.5968648905766905,6.381461475088383,6.880384011299235,12.0
13,C5701,24.7912,118.6871,358.93631111650507,3.9393073083729817,3.4998351488840096,1.7918221605612503,4.417570825295449,0.3196974897306066,1.526371411223719,0.17326621627998787,1.5549641325943715,10.34516112762041
14,C5806,24.63176,118.50115,359.1653990608999,4.596158825839439,3.321691968454451,3.2895952074204704,5.531463681503627,1.3648244629521145,1.326492663509769,0.7019570203969518,1.9536401537585966,10.642533718636228
15,C5313,24.90649,118.8006,361.2794290205736,0.0,0.0,0.0,0.0,0.0,0.0,0.0,0.0,1.0
16,C5310,24.9808,118.9034,361.4252570121394,3.051621637538996,2.5682498510705107,2.2582568364353715,3.1120755121928174,2.3949029164173745,0.1320112089015622,0.6080696360397071,2.461597820695272,10.943651296248385
17,C5810,24.76959,118.5998,363.1026358517262,3.8796003719759313,3.8681686994254814,3.31840681397562,4.269221982186226,1.1476044694822374,0.28807207799243545,2.170009544551797,2.4340100873519335,10.928967121278117
18,B4403,25.2131,119.2606,363.2816760632099,2.7556159319884186,3.4903355834754133,2.8957114135867235,3.5344076152233894,0.4983417455642697,0.8905777027990057,1.2223493217261294,1.5543356820024028,10.34463445091974
19,C5811,24.79614,118.62144,363.78372823167376,3.546440466494052,2.319441753734193,2.321411972086203,3.600169481794359,1.8589632909343263,4.296407111314945,0.8081217332130728,4.713957432680746,11.790156969502124
20,C5314,24.87935,118.72358,363.90833364452953,4.502113413184191,2.570975447299734,5.248062388678773,6.187729998913086,3.944479724895038,1.7297277166298317,0.49604711903716886,4.307968289079731,11.672817493398462
21,C5309,25.01264,118.89876,364.5369399064019,4.883875862155966,3.723827170461415,4.0451814238429575,5.689991646849113,0.9575119708615204,1.0582597270510825,0.8805815303855096,1.6338727304656413,10.409654673218679
22,B4408,25.15944,119.12,365.4300689251622,2.3622947844079487,2.798539760579309,2.986285560791913,3.0743361129882354,0.7845174404504035,0.830405893652676,2.3203610300226076,2.546596671436701,10.987880501275013
23,C5312,24.91885,118.7498,365.5788159831029,4.633389595226962,2.992410614900783,2.5997144924774362,5.318738032403602,0.3527189078288846,1.169272152208916,0.8016453229121315,1.424619808187368,10.231096935693202
24,D2505,24.5645,118.3358,366.37931228018726,3.6130222510030214,3.6724935419021247,2.670306932208753,4.4628319501041425,3.735636760323828,0.8465298414512865,0.8101431310251523,3.880435937131755,11.536641553939145
25,B4404,25.258,119.2811,366.61381072946966,2.5069969796574076,2.162470373185718,3.123785449228064,3.2383195938393508,0.49282830889074725,2.5874121959811838,0.5374173948889962,2.652483879810077,11.040958259608008
26,C5804,24.75265,118.5285,366.70056705089917,10.683972192011833,7.306763484853776,13.640128039353128,14.817969834350095,3.3166311403232602,2.1924517169504965,1.6738303544535342,4.006807908503205,11.578395566896218
27,C5305,24.98875,118.82674,366.80300569000235,4.28225835027772,2.6799934619248966,2.925408609720457,4.299804351741483,1.4515307524391556,1.0279655109954102,1.3100963468866444,2.170018418340268,10.779390260001254
28,C5812,24.7821,118.5592,366.91984565656594,7.514804771973818,5.09566804931946,4.616685926394324,8.317716873493117,1.236155232883127,2.2278569220389572,1.2722320192858934,2.8104367243738064,11.116321435425231
29,E6903,24.2588,118.0645,367.20292512737393,4.513092750510071,3.0665207266259946,1.9187511680763882,4.582417887894637,0.45185170741756575,0.21976073089094209,0.24934660270993872,0.5176669180323992,8.91215123567351
30,C5923,24.6344,118.3741,368.69791558378415,3.892982237941119,6.2067454683332395,4.856418158259105,6.5974586249284455,0.6270912626850687,2.543201098534144,2.2297153867070336,3.3891450855236154,11.360270482694135
31,B4409,25.1563,119.0508,368.8856592600975,3.6496901412984095,2.6979918986706233,2.119822920246832,3.730831696146415,2.6985498893713533,2.0559524369195628,0.9674833384317044,3.4857827932280094,11.396900965325834
32,C5315,24.9327,118.7124,369.16630621427674,6.479506991702525,3.2954586804379606,5.323481731988586,7.278482916854426,1.904719663289777,2.8569723706841113,2.822738271382294,4.387443642810261,11.69663465284987
33,C5303,24.99881,118.79303,369.768976615579,5.021210735153884,3.7867712211302313,3.689407662093799,5.280628316720384,6.827046006721818,0.49109441714269747,3.1162078676842464,7.499805119049047,12.0
34,B4402,25.25401,119.20185,370.156252459576,3.8884840971380736,6.582149706832305,5.657931707695798,8.43198436540208,2.4447898135355977,0.285447515443876,0.3866249135668144,2.475357493259835,10.950913786946124
35,C5308,25.047,118.85329,370.3276789080485,4.444120340361283,3.062201320109985,5.824233545865661,6.548671987607849,0.22898449930257483,2.445488865195744,0.7495309171120498,2.5090085479091657,10.968506422728357
36,B4407,25.19326,119.08444,370.5086834764961,5.33712300675728,3.883662555546665,5.863886296262735,7.195131460862834,4.135692499714094,0.23953193839757309,2.13928071613962,4.626593957302462,11.765784158857892
37,B4406,25.2258,119.1083,372.29948093361986,2.6149611061653917,2.3795294600853363,1.9335145742873163,2.616930994145239,0.3055154805467057,1.1132940295184457,0.6591212785341085,1.2972739581576407,10.109095100077182
38,C5801,24.826,118.5249,372.83857268904114,5.893713886609696,4.408363898900063,3.3739094664845872,5.955955493013508,3.556350872920794,1.6477871530688626,2.078776066246678,4.357509094098561,11.687714906459828
39,C5304,25.04207,118.80243,372.98259576834715,2.526845600215184,2.192903363237065,2.4477158963753087,2.811951529813861,1.5471711493915892,0.2923864382118944,1.044065668965236,1.85666973570652,10.5762039750056
40,C5803,24.7905,118.4686,373.92738334885775,3.5339245663978844,2.6394976876009215,1.9327382328767584,3.553175485815361,0.6060307727697635,0.5218667068261493,0.24534683305739222,0.8005925214149474,9.480234586722482
41,C5201,25.1398,118.9321,374.0366215307917,4.386574599110426,2.404393241516893,8.958727365997568,9.120500122646826,3.042492768504834,0.4774051266716055,18.07989215107197,18.330099371319555,12.0
42,D2503,24.61278,118.27571,374.4811431772737,2.5601182476591138,9.28954534296531,7.252754553447586,9.630196866516894,1.2318597490990075,0.7194316043592711,1.9129416368447139,2.3254646255544564,10.869529212523021
43,C5922,24.7501,118.4147,374.59016215963715,12.56624493820985,16.81858571520874,13.685807708171497,25.061457857274675,7.045600181372271,6.846131543452959,1.864130832105961,9.924822836362551,12.0
44,E6314,24.1081,117.8696,374.8931063158587,6.915527818408262,4.9684298678702925,2.6546038745097444,7.195511255382852,0.3242533486892086,1.2580853813844264,0.33448735617702263,1.2789057864313154,10.090515657032368
45,E6316,23.9995,117.7966,375.41504442456375,2.1356325011862927,2.4194185212045336,2.2636648069394023,2.6548421053757405,1.1659317402007638,0.7923275639728775,0.5708559660379658,1.4948772431161679,10.29381659170808
46,E6902,24.3188,118.004,376.035881118727,2.870672068068723,1.9120388253156075,2.456528572020075,2.9534164756224475,1.0465672216727637,0.6010848754168534,1.1249337895925466,1.627836210798299,10.404832115065599
47,E6311,24.1744,117.8984,376.2018923274449,7.117210909849209,9.014758207713005,12.927406576403385,17.13271594289892,5.648379792831449,1.1055072120076244,3.2550796381581746,6.501513921890475,12.0
48,C5302,25.01257,118.70622,376.40931038273595,2.16993255067406,2.362913792099897,1.8985918716610808,2.6636868376321443,0.6182453553304046,1.6179287000709235,0.6699563023468964,1.8335901814036757,10.559906824138032
49,D2504,24.67657,118.31278,376.4272537381823,2.7024704200959886,6.6221349131590275,4.521645768780075,7.523194195673408,0.7866056313414703,0.2375487033500779,0.9017279173322238,1.1734526835408239,9.978396747441458
50,E6315,23.94,117.7486,376.65576230931464,3.7174859857710856,3.13106482023394,2.6650149285404687,4.56481965848308,3.4999021153942182,1.3526187647435755,0.9284329431888406,3.844387353413149,11.524481419748016
51,D2101,24.5384,118.1652,377.66661717852975,2.9559583345163487,3.258704925440134,1.9466052887826697,3.4046936472965754,2.055600481974266,2.5386922450324465,1.2132440364152113,3.4690075329850085,11.390615728753854
52,C5101,24.9474,118.5984,377.85508040365664,6.768447049695376,2.3672103194836187,6.319363547509551,8.432197293490226,1.718552902840636,0.2971053372978112,6.068537443048764,6.310004080435253,12.0
53,D2102,24.4506,118.0833,378.1398605718055,2.5114410041963318,5.003497398946964,5.388136837885904,6.162764138749956,1.5487836271872448,0.5245553050902169,0.43259252064762144,1.5675160652258713,10.35563600162442
54,B4301,25.3202,119.1677,378.2260212839747,7.248340822853301,10.336659678416492,11.267088242443123,12.78562943157892,3.3302220964945515,6.461197339359983,6.425507207894091,9.518328494597041,12.0
55,C5205,25.1586,118.8839,378.5277304482882,3.3123224428232017,3.1900909026955064,4.662597966389355,4.835495747183549,0.961337342265297,0.2967432473983909,3.298899317026332,3.4070039111954094,11.367117896397446
56,B4401,25.2526,119.0364,378.6511627108135,7.482843347351505,2.8868501614868673,3.908140379209685,7.597784651623141,6.391647362204482,1.4371456030416978,3.6564984523639272,7.45687376491911,12.0
57,E6317,24.0691,117.8002,378.8326191490505,2.5701280788750096,2.9725300403349095,2.3103507828613905,3.0722563834194503,1.642354991237979,3.0604729727913065,0.25318994133093947,3.453955217981613,11.384950107358286
58,E6904,24.40664,118.03866,378.8400564922997,1.7247241783932337,3.0768076776639655,1.9958879759360892,3.212823168825744,1.5260634543120009,1.685278637909726,0.8787416802778457,2.3868295407976814,10.903464212863128
59,C5802,24.84707,118.4629,378.84017566396295,2.4098629726436998,2.8143055460029447,3.418308632138686,3.8724382400291826,1.507324223777277,0.7584068797387428,0.27564651439940974,1.681715851659098,10.44725785343213
60,E6312,24.2486,117.9065,379.91390506606194,6.459091676896558,8.686272682713826,6.2651898638231796,10.592412183140949,0.3455139584717735,1.52735396811065,0.600797206380701,1.5858984669769765,10.370826137892154
61,C5301,25.075,118.734,380.0879708041361,5.328233889890289,5.724764270195507,5.463993560399851,7.475873754359493,0.7645394071783432,0.99644457168928,0.8484613050984372,1.3641252280142853,10.17456272241117
62,C5202,25.1929,118.9081,380.2516460735708,4.582659711437253,3.856830448860371,2.4177022928764504,4.625740996391124,0.6247709177692287,3.7763003215982,1.2192138766978358,3.96547782315492,11.564886576315176
63,C5921,24.8156,118.3907,381.4326176536531,4.054096795097688,2.772115974957132,3.6074654086446896,4.409736962871148,0.5538985840513,0.8315390022962955,0.9745058337649457,1.225933372194936,10.035400602534827
64,C5204,25.1652,118.8209,382.8149401503414,4.42113885590721,2.8266141601123698,3.600098394680205,4.624198121152505,1.6508853528687464,0.28071995929663546,1.9203805212805714,2.507648265391134,10.967799860695663
65,E6301,24.1803,117.8192,383.4006763666533,1.940066396038287,1.7469363410024117,2.572926633312787,2.600475988650049,0.7544201615927519,0.13046422811751077,0.403313371244489,0.8363824448679105,9.537214726034437
66,E6901,24.347,117.9353,383.5458465844018,8.63815820701196,7.816848740954379,10.789802199568852,10.913586134861442,0.6868641655084021,3.940448054633053,1.082155941284715,4.0716582497777125,11.599313956465256
67,E6320,23.8348,117.6173,383.57704756404377,3.505164661730703,3.4245945635584034,2.8123101059467728,4.15355344764294,2.4513352641746087,0.3032588030579036,0.4187201956979451,2.4845458755960372,10.955741060400147
68,D2501,24.67266,118.21305,383.62726081498465,1.9692580175435692,2.7609596761032065,2.4509320320110928,2.9187679383198413,1.0050334737060445,2.46200093400431,2.42236386282987,3.5615380155935816,11.424912752997601
69,C5203,25.2189,118.8889,383.7212464427569,3.1170171960246806,7.243521624826665,3.2933829353687876,7.284520325364024,2.9310287332540748,1.9763089505836016,1.3587684820157875,3.7256334503367645,11.483600372673523
70,B4102,25.3015,119.0229,383.96034877087226,0.0022949444237678673,0.002468083768614413,2.893327474431933,2.8933274758759175,9.972708716935447e-05,0.0003472867381411159,1.14922585526595,1.1492258867991332,9.951216200290904
71,C5105,25.0476,118.6227,384.74549818512014,4.008377955550145,4.591868280472321,4.332562633583581,4.6090372233298735,0.3162737874479256,2.4850340428867757,1.1564787919684216,2.718781818415314,11.073123070875539
72,D2402,24.6515,118.1735,385.0952114657701,4.839337884731176,4.722781581785913,4.476216596999108,5.927449038609539,3.8589629267495846,5.052498686200687,1.3063198686922188,6.47278727273388,12.0
73,C5903,24.9157,118.4493,385.3140561359751,12.495633129337106,3.053086136746633,5.05629355726505,12.725772099405885,1.5757514332628462,0.7605919596091312,0.5860302276673649,1.8107341008456206,10.543564041697794
74,D2401,24.70146,118.21529,385.58152383280316,2.5956025247928802,3.844831302640731,2.504211796160918,3.9106872422566337,0.5045823875052495,0.8002901654634822,0.676222338443049,1.1250399625177951,9.923503847856052
75,D2502,24.7421,118.2544,385.6920030924804,3.370238606636084,3.0415030983140916,5.8021473490712285,5.858556008913982,0.7062019785518924,0.2835163550704116,1.1141562604960946,1.2848352702151276,10.096542349953163
76,E6321,24.0029,117.6823,385.85476080879636,2.6722262799820613,2.317054962744743,1.9905855558409917,3.0878386255650083,0.19214245732905985,0.2116722785354696,0.796803109770206,0.8226109704869436,9.515583491121852
77,D2204,24.5798,118.0946,386.1065613093174,2.6358046100647528,2.0537686522321543,1.923274491096631,2.6837565512810744,2.6323903890413893,1.2570383768141704,1.2184936749843542,3.146159512714573,11.263342213732315
78,B4303,25.3621,119.0853,386.42109464813655,3.6151376553459,2.5982877618614837,2.6029006922173483,3.644466923375626,1.1155544352985494,0.4501773871856939,0.4034004517661091,1.2136863402709006,10.022319392284858
79,E6322,24.052,117.6996,386.86168809420843,3.472389960674031,3.2075381596535157,3.9764000683831027,3.990247665024766,0.6094133479238459,1.07619567410391,0.8987842942045682,1.4537039308738842,10.257427894368345
80,B4101,25.2767,118.9205,387.2420577899369,0.0029612882130462255,0.0020080003333408244,0.001270873241530179,0.0029645010964233567,0.0030138944634160235,0.00022628100034212262,0.00048784171979223903,0.003056260155918417,1.0
81,D2301,24.464566,117.979403,387.4860252901766,8.659771218012162,4.6420094597276345,11.44483775742126,11.740680776820058,9.534426850679834,5.777515350459289,15.515766762423697,19.081389895613405,12.0
82,E6310,24.2448,117.8112,387.84591794922886,2.753117185340376,2.618055626153601,2.005390175682005,2.772846130611831,1.4103607967556246,3.827609627895742,0.16312540201585327,4.052149420117359,11.593056353847558
83,E6219,23.7295,117.5164,388.33417070679195,2.8157352806225244,3.2484444004526,2.570561438361249,3.4576972049128947,2.1914722458797744,0.2992868932217955,3.0209475958139165,3.7121501691480585,11.478876609790149
84,E6905,24.3325,117.8657,388.4860611420585,2.1157475192136523,3.042861070459744,2.058864818666373,3.065910542205498,1.8121550711503431,0.1297144341058883,0.1145519592679218,1.8129718702099125,10.545173197106072
85,D2303,24.535142,118.017513,389.1375565279076,2.6446324579324583,2.5444075602794207,2.653144737507427,2.840181133549868,0.9615986326851322,1.2633996887887096,0.5961630576588446,1.638875238539749,10.41363768082851
86,D2405,24.77059,118.23301,389.42487915203446,1.993991286835043,2.226213278906373,4.724195045258696,4.728934323690201,1.1732549210381522,1.4672134645263337,0.7561147111257824,1.985511104831655,10.663616961160606
87,E6319,23.9487,117.6084,389.83127896296014,3.5613508864386603,4.699763332082088,2.9858582707475816,5.114374997018221,0.606246970539993,3.38951603339019,0.9916051567994254,3.5448319625392126,11.418786958778712
88,C5904,24.9194,118.3876,389.889395425836,4.23043283230235,3.767757840809425,7.102710025188326,7.187056159266735,0.3292100833606262,1.683084628354469,0.6713428493621372,1.7764066629272766,10.518627180355493
89,E6906,24.3849,117.8832,390.2810071482478,10.973893792467292,9.590952008975101,11.836705191120467,15.71034515817969,4.887284771420776,0.7555076678613138,0.8568905970951496,4.924221258516648,11.847012676153547
90,D2202,24.6309,118.08397,390.53382273059134,4.195314158725645,4.621139349360024,4.063295067064903,4.7082109139929935,0.9078190772712776,3.0815440659932705,1.2668182697025476,3.4245518071981706,11.373811222027673
91,C5909,25.0125,118.4828,390.9716669939901,4.635564176024526,5.571498029232063,5.045658605732128,7.4054407539302485,0.27057695752644906,1.049689006680261,1.6409987379161748,1.8916391648994024,10.600514891485252
92,B4304,25.3806,119.0276,391.1691443128355,3.4427597701313126,3.6473704181210906,3.1778845695486346,4.308102499804709,3.086110117691921,1.5856021761967671,0.6425213965938037,3.484911967219861,11.396575435422431
93,B4513,25.2131,118.7506,391.27819492104135,2.521789890628508,2.5641118167477392,3.5800035455386516,3.5942222375473594,0.23127049557084262,0.17285295273012422,1.5973738429909052,1.603397817879758,10.385123864645605
94,B4512,25.2608,118.8226,391.3430304895953,2.9946470202129563,3.0975886898235907,3.0056444809248912,3.3056948887071607,2.9088912071152055,1.4869962641898922,1.2946721041643758,3.433037378820097,11.377035596114943
95,E6218,23.7237,117.481,391.42918915097385,2.4333437798443565,2.764453112894834,2.297528123442033,3.0072947201917635,0.3475789809457833,1.65658945074233,0.6374094263070481,1.786047254858302,10.525678835526637
96,D2403,24.69471,118.12936,391.60602380312054,6.254139616328298,3.3051195819122117,3.0657218897443133,6.729923779341175,0.18761684623428682,0.5405184388964451,1.368574079066462,1.4573736912442294,10.26071277590682
97,E6302,24.1483,117.7017,391.8778178424327,3.3201687969461595,5.949016859996308,9.742849503314108,10.785642508638887,1.2760862596934792,4.101615050616402,1.360393254808927,4.295055948447749,11.668906476290285
98,C5102,25.157022,118.635691,393.35540281136537,8.155268620241715,3.2158084698224734,5.721627354420689,9.195597936446031,3.062336257490162,1.8202415821898157,2.4471642520864294,4.288759438482795,11.666995060515209
99,C5911,25.0823,118.5332,393.48630044486754,4.995365104574714,3.9416216127465593,2.2387658262598547,5.247810510709346,2.270406218281943,1.388906360156036,0.9111069938023019,2.7773295609231736,11.100882249979916
100,D2406,24.74196,118.1477,393.6692937825162,2.321020999589671,2.371774944624578,1.913248632910426,2.615462359252791,2.6939168660874793,0.7426640715498793,0.16492247122894718,2.785920111042699,11.104905975354885
101,B4305,25.4101,119.0323,393.7211945270952,8.247448031342662,4.499022714661465,4.244325714688906,9.12909668665601,nan,nan,nan,nan,nan
102,D2201,24.5706,117.98772,393.9327305691719,5.898168290966315,2.301864697023046,6.7423451995998525,7.49731613724461,6.960179066238962,2.1779762924681183,13.166625721156473,15.030514859272495,12.0
103,B4511,25.2964,118.8333,393.96888264260355,4.50426829472414,3.899199805833995,4.81875536186149,5.3453203827684215,0.18973197917398865,1.236526676535445,1.1659813090636246,1.6534559554189716,10.425177892143
104,E6916,24.49765,117.9219,394.35132333865755,3.0720609228821663,4.308040384392465,4.183402092290857,4.426553503263731,0.2325561130713798,0.8584259763734512,1.2808183305766772,1.5057812370064891,10.303285643757313
105,E6217,23.7174,117.4461,394.46666991576706,3.3767277716439925,3.167289067113133,2.985240406482566,3.7890757500506735,1.1240457031210485,0.6820969553983849,1.5235724832916515,1.9771677269350436,10.658130538733987
106,E6222,23.6886,117.4276,395.0465414813509,2.291357832746777,2.685935195621807,2.058568264963081,2.766211312446687,1.09662184415592,0.3816361473707822,1.0817058703339157,1.5464396915042393,10.33799896378844
107,E6318,23.9269,117.5395,395.08267806366274,3.491155903235514,5.366106396604628,3.6906588692307514,6.047683055847533,1.2635972145876377,2.048032374555108,1.4174668677711644,2.7202387397616703,11.073821063732511
108,B4105,25.41277,119.0053,395.3799961677386,3.4556376297228257,3.9145853666095327,2.427084804592455,4.032969113521314,0.946264052043549,0.25790995687186796,1.0453054463144391,1.3821644202151409,10.191679127402725
109,E6907,24.4191,117.8471,395.44815475469665,5.4976681299812045,4.3517111521386,3.370352696774509,5.936886530059888,0.7680156848573356,0.43578023170123714,0.4354688839533925,0.9082769980754568,9.644654947732842
110,C5910,25.1092,118.5366,395.54551070399947,2.7558667207882808,2.091357627380188,1.9316053648896894,2.8606915984898738,0.7866300912787308,0.6902274844203974,1.5445733953225773,1.8463694731180886,10.568955833429358
111,D2408,24.69079,118.07424,395.55509803358956,2.9784812442181297,3.6711034462557364,2.506377245786573,4.35162479571209,0.7471072950833857,1.478247078398931,0.3307090124404154,1.6380721679001073,10.41299909416031
112,E6220,23.5954,117.3806,395.922977381624,3.2816142208935593,2.480048358105323,1.8971234277220104,3.282924982416792,0.776584870374269,1.1498913168044307,0.7535605853177036,1.5201777421452625,10.315683108413202
113,C5908,24.9159,118.2967,396.0107597317077,5.718608811380493,4.013309260509805,3.2209887825810504,6.034480190899102,1.260384037357094,2.1951351158630614,0.6020023799581842,2.5462907663414756,10.987723985471405
114,B4302,25.427,119.0181,396.0618322797025,2.9197145929599695,3.5329436236360854,2.8092067345974163,3.724285698198432,2.0667687356323072,1.3369770809393653,0.8517035455699072,2.5594216754589905,10.994425530860077
115,E6306,24.1106,117.6218,396.9154024289441,2.9146322393234962,3.1780720589003066,2.3973773939319356,3.243556525075167,2.08818965776039,1.3715187807587306,0.10778881128723439,2.4464844827783225,10.93562739656608
116,E6914,24.4653,117.861,397.2410053408136,3.7574135282221492,8.054996162360426,10.809618403166324,10.867316469932499,0.4261694902050484,0.30292481057791354,2.590915454868451,2.6169528672172016,11.023387702472391
117,E6213,23.8208,117.4622,397.36919988499847,2.9048337873375,2.5359313739414455,2.6876513775494892,3.0383913030526983,0.9468925297772449,1.4884006688195566,3.075564943038114,3.4873472303133775,11.397485574879276
118,C5901,25.0163,118.388,397.6964481995452,313.8056407366423,1962.6844876206117,155.36256185815506,1993.6754760321066,40.89759106940963,255.46310203119427,20.236723097306978,259.50632827813297,12.0
119,E6908,24.3621,117.7747,397.99236960669646,9.834828447033749,13.16895246204073,8.17797362517844,14.324579037892379,6.8877993513660805,6.584025003837524,1.9809329389460062,9.655153790031024,12.0
120,D2203,24.6415,117.9952,398.2288170856944,3.719011420434012,2.9160139435104635,2.757486653904342,4.0395210649192785,0.42652182831474256,1.4946847993979546,0.18626676056447397,1.5223621182241365,10.317553905873195
121,B4103,25.4333,118.9865,398.3063216449954,8.790991963407885,4.392231700449184,9.61026485414853,11.419376737746843,5.4382482739521265,0.3035009531265134,1.1798411007952934,5.452314511015241,11.979742699113809
122,E6309,24.3192,117.7403,398.33541072252257,10.33715407202117,7.781650119556527,4.460825134153814,10.943964982626639,7.432648791323816,0.41408571139343014,0.16498616400212926,7.436854997200312,12.0
123,E6221,23.6884,117.3891,398.6990618146974,6.970854764479438,5.237449444775006,2.4101945698583562,8.431423606692206,1.4458007136058288,0.35215390511817996,0.20274035179145855,1.4523703922758413,10.25623216067928
124,C5103,25.1999,118.607,398.87632015128946,2.2387429521571085,2.0364667736926725,1.7853508299120735,2.2426620324369697,3.016084202664752,0.968231415570409,0.23562150372709714,3.159450109272362,11.268834505491427
125,E6214,23.8989,117.4792,399.32332690766134,2.8235715638016488,2.5330558386633424,2.611411539649158,2.9051549884338894,1.1344434703800699,0.3221496609690187,1.923134511812015,2.2166366436031484,10.807083525065806
126,C5902,25.00482,118.34577,399.6655695676402,8.654974515298145,6.127509683426655,10.07025045764353,11.220928714501564,0.5532941957722546,0.3554565142509244,3.009476665530064,3.0609224411666207,11.227556976246989
127,B4510,25.3549,118.8254,399.7702449467724,7.1999416775649765,7.115871709022638,6.327302600577741,8.222734459974905,nan,nan,nan,nan,nan
128,E6915,24.4452,117.8143,399.8294159540698,5.5378256973895486,3.478345738458837,2.144494564006052,6.476227128611567,0.5272353846231083,1.1209184297208523,0.10202996813366676,1.2232089251703693,10.032501923764704
129,E6304,24.0924,117.574,400.2286528413389,3.444136093733844,3.781459917887384,3.301552805043653,4.194593866144879,0.6648154607694062,2.861449902737367,0.6170431930750616,2.988038974379899,11.196158773654718
130,E6216,23.7525,117.3913,401.10264804233566,3.1023258874578485,1.9967959076896438,2.5490668425624787,3.303481886223003,1.2613632235125547,0.43951399694859455,0.8589887776856289,1.5440597269253074,10.335992286779705
131,D2302,24.587746,117.908488,401.4407531657007,2.2006018028960974,1.9993636183136374,2.430018534561583,2.609262130673753,0.9518496101783912,0.23217260359693534,0.8606329620396209,1.2569603402350102,10.067964724970015
132,E6212,23.7959,117.4065,401.5045040931695,2.0010696279569173,2.840259438450973,2.081303962670739,2.840379521052851,0.7525704738824281,0.46143494713893907,1.1149036854906795,1.379649695853109,10.189306488615626
133,E6308,24.244,117.6476,401.9751597850772,2.9623784831348288,3.202871016263195,2.512745562177012,3.449023040225892,0.13200843363861567,1.078705303636036,0.16450476044539053,1.0816213354256998,9.872225735957983
134,C5912,25.1773,118.5153,402.7217500513841,5.225505810805681,3.1516992325610955,3.0100667495592943,5.979953669260243,0.8713857049821809,2.5460163122703694,0.7379714259007395,2.7305640795445174,11.078757118405978
135,E6917,24.49,117.8131,402.78339390851556,2.5044396783410123,3.356087737853619,3.5360251534827385,3.6667164412533633,1.212062697878794,1.1355024662565045,3.3900724307804944,3.73834698284834,11.488038826716476
136,C5913,25.2022,118.5461,402.89901824640526,2.629221266921257,2.2108584118660666,2.3730906490767443,2.800947464829488,0.9064444274763388,1.445132006307377,0.15319646605972465,1.6977895054394074,10.459651534238132
137,C5906,24.9688,118.2511,403.4161966509007,23.71275587880995,7.766660326624975,12.381065475285556,27.65986994009156,3.1907757696500556,2.5693124482097955,2.853800086491623,4.916236099153236,11.844898194305536
138,B4509,25.3303,118.72,403.59687898391047,4.144792614604837,5.622002663686046,3.443028094114671,5.67370437824429,1.2273305547645124,2.744656376779201,0.6393959641172227,3.006632278342224,11.204240946836617
139,D2404,24.82926,118.09774,403.8928942363,2.7287383823896993,2.336401365362254,2.7440783359179752,2.882043545196422,0.3435498760137981,0.9558400035030091,0.20167060380891974,1.0091694041335837,9.781892225484953
140,C5907,25.0068,118.2821,404.25001890580876,4.902361126924026,3.206758926354625,1.9842731460091296,5.2656154877976,0.34066325002132314,1.4147536996093175,0.8277628643690554,1.6380711238297807,10.412998263731467
141,E6210,23.9498,117.4469,404.6861142179172,2.70538288021236,2.5487840394542896,2.1908522905321934,2.8965951831384014,0.23328283622381477,0.5058313788249977,0.3823836725339907,0.6296871712447336,9.167374536245513
142,E6303,24.0694,117.499,405.79593987637634,6.629793420747442,4.378296777382809,4.529643083244819,7.097298009759041,3.500985651578742,0.5845302809808937,1.9954586337635005,3.955839285535412,11.56171591741323
143,E6913,24.4658,117.7535,406.196446135241,10.644878144134395,9.31238625815333,9.392605108654442,14.144130758736729,0.4553817114587816,1.2096216871415293,2.5932257599686253,2.7626327368686336,11.09396946153255
144,D2407,24.76011,117.9949,406.644435866257,2.491041200871912,2.3049120907680845,1.6730801537708175,2.5639792968455883,0.522734395580686,2.1176132063606095,0.6229077153536946,2.2372156154953196,10.819123525969768
145,E6909,24.3373,117.6534,406.86134408502306,3.4683737823102665,3.760196715277441,4.398836102904012,5.654785182743882,0.37452690804454325,0.7437703334398842,0.25699803016504036,0.8213722411130282,9.513620064379978
146,B4508,25.3569,118.6719,408.8180170931366,5.6990786141914915,8.725713560897859,4.5452436474151146,9.113435507968331,0.5798015635246835,1.6336357830155617,3.5836134448858945,3.9473330503446387,11.558911312673796
147,C5920,25.0881,118.3076,409.0429793599466,2.6064213665417237,2.721465783063328,2.3766133904021283,3.795030531411492,1.219318422872543,0.6274608458722438,0.43664833213989956,1.388496887472536,10.19763473165022
148,C5915,25.2047,118.4504,409.2360296562279,3.355748845304043,2.9484465290741255,3.547500438293414,3.5952026980299414,1.3698965013777593,0.3631750114447314,1.6004284094486874,2.0725224291573334,10.719497717748798
149,C5905,24.96775,118.15959,409.87721558425034,12.086094396166523,7.459361425787386,6.533361040506273,14.965842127570708,1.5717156070659482,1.0342178600075342,1.9127964288441974,2.148434963858354,10.766366634546232
150,C5919,25.1242,118.3387,409.8853726169808,5.4123905928906515,6.2038333634655425,3.3651582919481458,6.643870629273348,0.4532329240556492,6.871713419350108,1.4743287652381458,7.009944424170656,12.0
151,B4501,25.4208,118.7464,410.2803451531326,2.6988163997549517,3.016073181171761,3.6668707253931543,3.6916887275588626,0.6023832032863818,0.158423391420279,0.27087202141456934,0.6345209044721418,9.177337803865912
152,E6105,24.5137,117.7407,410.2914610593929,4.949382913597257,6.061088158092123,4.709875492157937,8.255560449894507,0.26163326019216426,0.5952702327555136,3.580324424335804,3.615130652872239,11.444371992689247
153,E6413,23.6624,117.2547,410.5256637877999,1.9608379946148058,2.198315252410886,1.9780914589270437,2.31221505488592,0.4602171703899651,1.4103559365007432,1.9037631974130866,2.380430610738258,10.899966579091707
154,E6415,23.809304,117.316256,410.56453670133106,4.624173895094241,3.2608713330094576,3.7607267268191036,4.804833618850289,0.8167346777858041,3.0311153193971605,0.29162095721122605,3.1425841691045933,11.26186075519632
155,E6307,24.2542,117.5545,410.6957082534014,4.679141744643892,3.175118875493558,3.1080796197402156,5.0280055246348025,0.3967792983611384,0.9333234756347207,0.1542919804586327,0.9835721704123525,9.748418696411912
156,E6209,23.9492,117.3805,410.78188178872034,3.0492793251791923,5.969282199426336,5.263519790573722,6.428612473761518,2.653518715257549,0.3393418733806705,0.20113072978743632,2.660224024761548,11.044754633901837
157,E6501,24.60381,117.8014,411.1634628776786,2.8875036310939084,3.593311981147117,3.3156657152181612,4.838769785664224,4.920547272288643,1.4541561045942666,2.4026770757607845,5.6388882898327175,12.0
158,B4507,25.3203,118.5661,411.9366097769934,2.5157799954909907,2.497315491455345,4.404092123099848,4.7209490151739715,0.6510554361940196,0.7056180290605877,3.3657209400829995,3.47461066272864,11.3927184441872
159,E6502,24.67954,117.85445,411.99703777143645,2.692778576443832,2.501676739561776,1.9754407316936422,2.6929037727113694,0.3768965412645096,0.13767302081658056,1.6297511318189157,1.665073506069157,10.434300231681197
160,C5914,25.2687,118.4905,412.1501009552016,3.4806433968358714,2.7624109697156567,3.3042877850818306,3.540502829488379,0.2140300495288132,0.4044509677131824,0.313969052448637,0.4707027836779854,8.78824030003397
161,E6305,24.159,117.471,412.94268579353684,4.960173517766298,7.9243911605976445,1.9981062397391482,8.380369901559355,2.045449044507449,3.4196876570665973,0.7788269467219888,4.025096377009404,11.58432885075931
162,B4506,25.3781,118.6286,413.2830022827832,2.531736376334595,3.804086350876749,2.2783122614749907,3.820968884539078,0.7837918016096327,0.6905773174446962,0.2002058771356913,1.0263924141448646,9.803940300792743
163,E6106,24.5586,117.7357,413.58124251445776,11.858020444254958,9.638823076688018,7.191126760842997,12.645297440899354,0.621507591130705,1.999868956857791,0.5219612094432187,2.052302698100985,10.706724248295666
164,E6208,24.0094,117.3795,413.71651020308633,2.3412950997493303,3.766250126116607,2.461987052415464,4.060227982546182,0.3059039550383584,0.36844420230108893,0.13483442025948883,0.4565803895631532,8.748551762938295
165,E6414,23.78715,117.2695,414.05218593276675,7.961826660080599,7.60439749217424,9.897987650674006,12.265473949248511,3.772857707542243,0.6894717614757943,1.1728637883343993,3.9704704322198907,11.566525898636968
166,C5401,24.9551,118.0879,414.1112689171719,2.7524451174445397,4.494057782304192,2.4240844393482712,4.494825036128419,0.4149960611737494,3.3833569477657726,0.1362274182406373,3.402597528915172,11.365431746809936
167,E6107,24.5354,117.7063,414.52558681513705,6.410057240993194,5.544073861471752,5.676315781695878,7.59735222042881,1.48059757382907,0.6282921443290177,0.9350581012999297,1.7271258728984449,10.481971970281663
168,E6211,23.8781,117.3001,415.0444533586272,5.811629939415797,8.87985853308227,3.2206051862702285,10.095763239251376,0.6704697190045231,2.1967874365153084,0.6849857115086018,2.3696719519344236,10.8940646844535
169,E6910,24.3926,117.5898,415.5853146108541,4.416952914378016,4.719137502042624,6.949294708621179,7.633504555861751,1.4783146506078764,2.081046425517686,2.001956820306161,3.201574637734015,11.286090892722179
170,E6504,24.7903,117.90585,415.6834691840753,2.82850606054909,2.8499702827068942,4.543700265875317,4.548488626503895,1.487501775713689,1.0091820581185076,0.3257909500366046,1.7845008420114563,10.524550271636892
171,E6912,24.4913,117.6566,415.9011966575226,4.998889077473606,15.899767700291152,6.865499986742535,17.314624236898528,0.5983125451857048,1.90295052593857,0.3708692013942967,2.001527365867095,10.674084597108768
172,E6412,23.6597,117.1939,416.25961131521166,6.081268332036353,6.217206913867842,2.279931608144775,6.31221446595972,2.8445698770844197,2.3106462106416252,1.03750498791751,3.689279699698933,11.470824746459268
173,B4517,25.4306,118.6564,416.3587964339202,2.383267561400286,2.5552951951989327,5.458384059209591,5.475494800303323,0.7368821587453225,0.11815861797247185,2.076463379652144,2.1870501959807465,10.789576252524819
174,E6215,23.9597,117.3253,416.372057925989,5.238679365357692,2.5071180576249055,5.188194452572094,6.407115503904237,1.8637731404143185,1.727335640513498,0.786748156593286,2.571216421843057,11.000415899539366
175,B4502,25.5225,118.7892,417.2512165513619,3.086907827610945,2.5839587397949626,3.259686373766896,3.533319276262848,0.8087343658199901,0.9218790856887067,1.379510905292408,1.8063565719338022,10.54041045045399
176,C5916,25.2002,118.3145,417.7920296942894,2.1626856784596518,3.8245075606638728,2.142132548850503,3.913002075200233,1.1153955432644016,1.6134956957055089,0.9192906777728339,2.142987277401515,10.763058778122145
177,C5501,25.32214,118.47369,417.8286954007553,5.782708192235606,4.494275976242502,18.938470777027202,20.30526793616604,3.3602890254528637,3.07884909954908,2.5351045010561584,4.5881980190990275,11.754926459213113
178,E6207,24.0675,117.3613,418.20042162626106,2.8047216961761947,2.1725681499494,1.8775938517091835,2.808189721119423,1.1204091249322266,0.24231876630707672,0.45208013302527333,1.2019409792186753,10.009649427054311
179,B4504,25.4142,118.5764,419.61845646529196,3.6397688001546227,3.805139351742508,3.959375761756408,4.234423456107253,3.2577207500137497,1.5132904239589984,0.7927180226956879,3.6327310022419623,11.450699720782879
180,E6101,24.5199,117.631,419.8269661911195,3.398865535558446,4.291975833500855,10.489591471581688,10.680159626709006,0.7324783495903989,1.5159735722931014,0.42423605773778567,1.6679359369475348,10.436538097961853
181,E6711,24.16364,117.39613,419.8974088173093,3.9766397979463517,4.5912591381518135,2.3738992490748494,4.894079882076636,0.6677248783823491,0.6956076170670966,0.1656071780049816,0.9341376931541255,9.68123268962035
182,E6911,24.4703,117.59259,420.00942402390285,2.622218431075496,3.076417362944529,2.6085133348460414,3.2017705070577946,0.7260785004867855,0.3061443193880989,0.1549831285115562,0.7635855675438372,9.418573133724973
183,C5404,24.92254,117.97193,420.25239145295654,7.02260611310002,7.462256436954085,7.458799299659046,10.441285009262153,1.525436047398359,1.8391720093730537,2.251297503812197,3.2342699559145527,11.299328799467213
184,E6401,23.79894,117.204,420.73585507815,3.080434271041135,2.6965482256775033,2.8773518881954745,3.215449909066115,1.3996113019762921,0.2748948384687982,0.37801644383222316,1.4407057399719483,10.245725859395876
185,E6201,23.957,117.2696,421.41033301383817,4.689427022463971,4.100596670970034,1.3959018505194065,5.521264077959784,2.5227729920710638,0.7420735128448827,1.181906295399143,2.8566073801220466,11.137551661613257
186,C5402,25.01975,118.0545,421.4996771708472,2.4604044386693746,2.0554503267116577,0.0,2.463810531094585,2.2748354189814264,0.11860671924501259,0.0,2.2750894886640234,10.840995451773177
187,E6411,23.7187,117.1619,421.5595418948098,3.886322249616931,2.774752725545867,3.148614658879394,3.980996731204004,0.5037550914330773,1.5288771261683956,0.28012572777487127,1.5678907257392227,10.355947373650746
188,B4516,25.4898,118.6325,423.0990289640481,4.036980811787667,3.2209656419744626,3.0016316470191806,4.305729948579883,0.34000762072744123,1.8761087132584462,2.113251821054117,2.7901583902059284,11.106886573304584
189,E6503,24.71665,117.74664,423.1327044645174,5.500341360209312,3.5325197655455356,3.4550964457186026,6.012080994029718,3.0965253378050663,1.023286234364223,0.15225165583576306,3.2252390230156434,11.295685717406968
190,E6103,24.6371,117.6809,423.1719732913753,2.375339365543071,1.881327556066267,2.2095785427081562,2.480060881670685,2.045605970928657,0.648588523744112,0.5235644016282427,2.187114000944899,10.789614262269223
191,C5403,24.9806,117.9894,423.2936534173519,3.9999784357379182,3.794692463220309,4.095440510223104,4.774866574587048,1.1670520027335025,0.25856700440395863,1.2477347500968081,1.6648968971719798,10.434162031768977
192,C5418,25.1363,118.1574,423.31158129811325,5.881749153052375,4.796682495550699,3.5640580536308053,6.453993907828131,1.2252809665654223,1.0216585045929054,3.197878825773433,3.509457325615989,11.405719897507405
193,C5503,25.2977,118.3537,423.3902492536564,4.7751472162561415,4.657403080646949,5.849175364601433,7.627734120975704,2.44012467871379,2.1316776351247446,0.2771151236749899,3.1641575143397067,11.270774284691045
194,E6104,24.5827,117.6162,425.008189641676,2.751000462398152,2.8154751684152517,1.7226400831978141,2.816799269848628,2.4935859109775245,1.4478868915024232,0.6237930011513714,2.9106126170293254,11.161953222827862
195,B4503,25.6206,118.8114,425.2098743277119,3.070921666141051,3.161333700832244,3.3017885694710496,3.46794234905945,1.4225620675777975,0.3128804726706731,0.3433442363885812,1.4652300506155462,10.267717451277026
196,E6410,23.71681,117.1222,425.28664890703004,1.9676531921724207,2.4074740993554493,2.1246916787594174,2.991941971067843,0.10701709972363198,0.40044583008736645,0.1206177955240153,0.4052007025289914,8.593010568980324
197,B4514,25.5589,118.6936,425.9179755489257,2.468312478710073,3.150762816829999,4.6056962464428315,4.608020433389581,2.504644600808838,0.5268411994871411,1.7814640710366312,3.074453754100491,11.233303894330955
198,E6505,24.79684,117.77987,425.98935807802434,2.2245730197903226,2.5231936777838766,2.3514457693079294,2.721592194379228,2.2512560856487416,0.4311811004432804,0.2895674422931722,2.28716741031218,10.847893862487332
199,C5918,25.1995,118.189,426.22240385103686,3.7706115007218908,6.53941129944338,3.698448071142184,6.846110224282563,1.673919110015871,0.7380474497518681,3.663812369216499,4.013586446892765,11.580597864480435
200,B4515,25.6021,118.756,426.46493996820243,3.3966826303652007,2.3022194603300905,2.9929804784697835,3.4002418711870384,0.7420355064510388,0.3642867600082854,1.3879388920711782,1.5686111077482732,10.356545858115613
201,E6408,23.7582,117.1247,426.64387939643393,3.344935864784364,3.036802942248578,2.4070035257371423,3.534494423379065,nan,nan,nan,nan,nan
202,E6710,24.23126,117.35988,426.6804204214597,7.886669581675214,5.353045864396896,7.515851701002124,8.730982828264246,0.8924391387145777,1.325155833738184,2.8326369948655623,3.136078433193749,11.25916074750654
203,C5405,24.91565,117.8686,427.55972811399016,3.580351739653763,3.2363662763648335,2.5509959473087136,3.8806532105417353,0.4826567259903007,2.642376501211548,0.6034405746154539,2.7178395483308555,11.072671441812595
204,C5502,25.3913,118.4119,427.69645871585857,3.3414907233531945,3.3702967245606925,2.4678457887656924,3.3730284844697627,0.745169030955409,1.4723138368557958,1.0145501421806624,1.8856107701292852,10.596356150309026
205,C5423,25.1262,118.0805,427.91879883114854,3.8705965780922105,2.4366642497622286,1.884845853584889,3.882630572103016,0.6809498583031535,0.5673898299123392,0.14835516491448472,0.8358734449488537,9.536421584753937
206,C5506,25.35739,118.35834,428.1725318885232,2.80955748636941,2.530200590961501,2.0760506678523316,3.093630997208848,1.842825588715515,0.21454246691220955,1.25336951401025,2.214078928978675,10.805579296523645
207,E6409,23.7347,117.0956,428.5153054811883,2.459759999180545,2.6336269464074276,2.0643694034525213,2.6342281356425623,0.4639002681620121,0.4618036992425602,0.2867822145668105,0.6557783233182614,9.22027117104005
208,E6205,24.1216,117.2768,428.5607965758358,2.7819858668273563,2.1968724216043025,2.280537761327444,2.8420258187296943,0.12084787289539776,1.2586529024199093,1.35208972267726,1.8268833737480885,10.555132470047202
209,E6804,24.662,117.6296,428.99426461536893,4.706782419519873,7.898334974226884,4.168975144072573,8.21074431898112,4.44976337720803,1.8676951100069512,1.6233195145055965,5.001020306623358,11.86717585400687
210,E6102,24.5848,117.5635,429.52965037544624,5.367220872069735,4.48345798196386,2.846197877786301,6.211501245492226,0.19979984094434752,2.0376433181154736,0.21834609941862337,2.0505417763379175,10.705605865198544
211,E6202,23.9707,117.1881,429.6024692967963,4.702647102467454,4.441777641947377,3.8907546332560643,5.297877741863325,1.812699044149507,1.4361990250203394,3.053041967340278,3.7729141264240447,11.500030761605164
212,E6204,24.04123,117.2158,430.27613055948524,3.526779036729892,3.9151166607174686,2.4561415130304494,3.926570610576855,1.1679999097692018,1.5248606406782335,0.28384809521736154,1.896404002254466,10.603792589606222
213,C5504,25.2889,118.2373,430.30553669227345,5.2428505901941715,3.4439166632823914,2.5765536359498578,5.3378023649585025,6.186870502021069,4.39970221287549,0.13224873126134665,7.545371462430457,12.0
214,E6702,24.35704,117.39481,430.4380191717476,3.0347490867461717,2.9005282305087103,2.047993963861211,3.2673665169695663,0.1715641309069258,0.4197126724715493,0.6276014094275376,0.7420863601568743,9.381363347469724
215,C5505,25.2539,118.1854,430.90671222347595,12.302698023222009,7.528982102880495,13.795397814546634,19.9588314041099,1.550509450889461,1.0944537828639846,1.7188332380838456,2.5300417068537127,10.979383041282944
216,E6407,23.80186,117.0959,431.1110654833324,3.9025381955169984,6.863800270260714,3.581101364672064,7.142440719195982,0.5469361867817348,5.311598844962172,0.25274611475770126,5.336965690941028,11.9518832327599
217,E6206,24.1835,117.2735,431.9614531020519,2.3935879611928144,2.3581254140506025,2.1994242302399702,2.4267159631006012,0.3780819141053029,0.8041172397244899,0.11047746753747881,0.8735990461356101,9.593936453491782
218,E6406,23.87234,117.1032,433.29628479579344,2.4780003005958244,2.5864346334456876,1.8263729119164098,2.594038361374873,0.881515550308489,0.9705488219293711,0.5435957212343685,1.3683671224705873,10.178607892751144
219,C5507,25.3373,118.253,433.3062725687188,2.213611990678615,3.3754575609923805,2.309572985230092,3.41171486532614,0.7449636735346357,1.3347577324585485,0.9304388065999594,1.7314982702749895,10.48526618610795
220,E6601,24.57784,117.50955,433.6140167158294,3.852815576459313,5.30762142190339,3.844488405429018,5.55805773729871,nan,nan,nan,nan,nan
221,E6506,24.82536,117.69949,434.30893718474647,3.989745122118483,2.3737180273572873,2.5129120692569282,4.135750534393025,1.3139106253260344,0.9810599650547485,0.444791338603289,1.6406009185544745,10.415008851115223
222,C5509,25.3783,118.2816,434.89535981483374,2.6298911738402944,2.0315793615166586,2.2092590861072363,2.647281539139385,0.1314134155290187,0.3044178683097081,1.3645048496051702,1.3875133174002434,10.196711480563996
223,C5422,25.108,117.9631,434.9239340340252,4.064603321716602,2.3055529885058115,2.7701512165644604,4.10486453471389,2.067359906791004,0.33207732290249614,1.264519001349559,2.41664166911493,10.9196367786996
224,E6507,24.78068,117.65175,435.06511019768834,2.4452041190017324,2.580294048220375,2.090623738842217,2.818907898630586,0.7267268540282765,3.2533097525696713,0.8072086867338406,3.4124286082225765,11.369190722670115
225,E6714,24.13967,117.21332,435.2301451041031,2.550800539166634,2.7937290079214994,1.7677081858545383,2.9198551039432203,0.11672173359552697,0.3252082221352624,1.3304225513591033,1.3580242215599791,10.168722548116286
226,C5417,25.2572,118.1239,435.3696021951697,3.112673861559103,2.3739480601285248,2.51018569106987,3.1321279891720666,0.1588003057902648,1.7236623908062312,0.7290318014490933,1.8633648475395665,10.58089369473663
227,C5520,25.4316,118.3097,437.6319313431168,2.99423211336794,6.647793999972228,2.658704046152581,6.868871769235501,0.5115502558173383,2.6959929571496097,0.11972801988603361,2.734731219778926,11.08074394575277
228,E6701,24.40371,117.34144,437.72585951039434,7.576004866629245,6.4552061802865435,3.1040414850612335,9.780956246389302,1.6246094429901352,3.2841591376717165,0.6100344246933317,3.6342932146475273,11.451259889746819
229,E6712,24.2861,117.2664,437.9215101961052,2.4671411462110617,4.282839702977424,1.9552756666408606,4.498306386650141,0.9531038246705779,1.407783775457767,1.0761314350022186,1.9685606840168144,10.652446421454068
230,C5508,25.3704,118.2237,438.00917318778164,3.804272016665756,3.3813788119731316,1.9981940828227627,4.326739860120702,1.383233339413035,0.5364571697934316,0.3800626105203434,1.4957124893483387,10.294544360218396
231,C5415,25.2283,118.0416,438.7488024258698,5.063155332620173,11.02145568732746,7.061813669251844,13.095522111490439,0.40290197587945675,1.4158277834722692,1.0315027832416805,1.7324979811492807,10.48601821162428
232,E6805,24.7169,117.5533,438.8155120024116,4.20794878875364,3.9354652881093513,5.864530595081045,5.890965229183164,0.2840992982100737,1.1614124930705478,8.627052952768718,8.693329144917886,12.0
233,C5521,25.32802,118.14029,440.0420474487473,2.4763973375248534,3.6571552464390407,2.3070998134722904,3.748092934627147,1.248356204287404,0.9443102695278942,0.3277761820892689,1.566472065701532,10.354767964037118
234,E6713,24.2517,117.21619,440.6162973478333,6.624913713978044,7.536605922342077,5.131948933637383,9.329873350943183,0.7531483601774736,1.8780661881899616,1.1128098467330299,2.177937481739754,10.784136227188839
235,C5618,25.4999,118.3522,440.85434531742874,7.9972159938999425,4.672926866715298,7.253453109413678,9.199883402640786,3.4397170363789464,1.114825122507477,3.6473509648017455,5.0430029835751915,11.878067675298256
236,C5617,25.4548,118.2862,441.11800980332316,2.4604033073305973,3.3733136887771664,2.8930500047612004,3.3836077979871764,1.1487845643195713,1.030897461928505,0.8278651683131699,1.6763232949771258,10.44307334064735
237,C5406,24.97056,117.7349,441.7631607425188,4.837606597433824,4.017139738350311,2.818234177979045,4.904901532551841,3.439875789058796,0.27233140384497245,1.0953061603002812,3.573014890996401,11.42910447855198
238,C5407,25.06112,117.81545,442.2653480955829,2.016708956986815,2.4413696726761303,2.0048860690037795,2.5395336464528193,0.2664021974553137,0.6012918396727954,0.31877014190675523,0.695910523555114,9.297660211830323
239,E6703,24.3842,117.2761,442.365974344326,2.4879193786825926,5.075587006800429,5.810599523795443,6.167093977982384,1.553390983451103,1.8267087967138471,4.265047715181446,4.8483757308017585,11.826788805931923
240,E6603,24.51956,117.3643,442.42575188447614,2.4945678878439588,3.0193119268885096,1.7594439123498444,3.0325088029039913,0.70452995853005,0.3768543628950081,0.1276427849390713,0.7707373533859684,9.430719222058437
241,E6405,23.9001,117.01844,442.451003074719,6.399899923116439,4.276209362865373,3.5996495282242575,6.655057613577207,6.737984130618478,0.6287487249673359,0.9146888144558241,6.8028327999961835,12.0
242,E6715,24.11384,117.11577,442.9054631038965,2.3636164958375825,2.5697557263213855,1.87480552404293,2.621903906720523,0.5415815313039198,1.401392268843801,0.20456055397995182,1.4919305802137945,10.291245847429755
243,E6403,24.01626,117.0669,442.92240278050053,2.514525492616655,2.275100915699633,2.350317315095745,2.849535621569276,1.217295611790419,0.624209298810101,0.19435693204632892,1.337469992034685,10.148852140438795
244,C5421,25.1328,117.8724,443.4361447783112,2.7244000783219993,3.6103213009971213,2.5998878464017348,3.657930692513986,1.400152189621293,1.2825057662015702,0.9473291818578856,2.051442969021555,10.706178343703797
245,E6602,24.6266,117.4276,443.51479331651353,3.9344746046272885,3.2380044112642903,2.649859498235668,3.985858467241628,3.0213785888388482,0.6736890415409895,1.077231465387939,3.2500592559433104,11.3056738376701
246,C5511,25.435158,118.211961,444.22879515646207,4.27016970036167,4.631102677322942,2.765890217173984,5.752070267669339,1.3203127489885722,0.395056784839054,0.2821883503940601,1.3552743278736132,10.166081635498047
247,C5510,25.38387,118.14613,444.26687852979654,2.4499975411899633,1.8189157261016,0.0,2.4516557197976767,1.2871785309479273,0.5025248892258848,0.0,1.360428515480588,10.17102717936617
248,C5414,25.2515,117.9746,445.29868416790185,2.7487749894641342,2.2662866051894266,2.0115058185946864,3.044157487590826,0.13015864819972597,0.34158061975345577,1.6418003293863617,1.670037609338917,10.438178754780072
249,E6402,23.9919,117.0182,446.3876810678391,2.380241151991143,3.0886173573348508,5.681909954863511,5.749166578453431,1.866819826834676,0.4623168820301191,1.4734305551974454,2.3772878207570423,10.898245296214464
250,C5420,25.2046,117.8909,447.60030133210677,5.022221294330986,6.024214133805958,2.3181998252667397,6.092833529476718,4.399314641533003,1.2830264751648301,0.22267624725543075,4.560514913583348,11.747041640824277
251,C5519,25.3572,118.0605,447.83890108743026,4.569727607611728,5.802279818799622,2.805250310760856,6.747233600381904,0.29110355039496094,2.3936186060044737,0.7251386384685192,2.478659742899145,10.952650739734455
252,C5416,25.322,118.0174,447.9403394078818,2.47612220335492,3.512839971537968,2.938052935102134,3.5231773761543774,2.070409092262316,2.32046405312956,0.32835153874862016,3.083236585688119,11.237020552042004
253,E6704,24.35239,117.17448,449.63022701539285,2.191434166951635,2.7841658988144284,2.2328795273489015,2.8813733488536695,1.0106492307630768,1.2860881857558912,0.6841045598014865,1.7118276082781407,10.470380079136815
254,C5512,25.4448,118.1407,449.70595688487185,3.180549581867656,4.083492479198809,2.4495014940244473,4.577382291321438,0.5449405921049412,3.059106209232461,0.4809119204442902,3.116101216423883,11.250834667624607
255,E6613,24.5592,117.2972,450.51849021708205,3.81036378957455,4.793704932061073,5.186577687138296,5.562811788200163,2.975252325879272,4.5131950909218945,0.7405477595765239,5.426269093334518,11.973503980985456
256,C5601,25.5724,118.2972,450.584446261449,4.119386439505234,3.261906087653087,2.8124125441724175,4.600765002131466,4.351751777260862,1.5006675240438472,1.027504146198828,4.646581387824523,11.771400645488976
257,C5602,25.6362,118.38,451.13371026597537,3.2217717850329572,2.539957981745967,1.7917656358532346,3.751439935617475,1.1802520613398224,0.5888080621544711,0.19379360476076485,1.2987280489786006,10.110554660626141
258,C5513,25.43135,118.10154,451.1791087574619,2.196128867586448,2.3127972708258704,1.9424081480346165,2.5936685488999847,1.8064580828007981,0.7195327818921455,1.4862062985338158,2.415415304586218,10.918975441266756
259,C5619,25.529,118.2254,451.3505984696853,3.1145293797836793,2.9932245776712842,3.4176792238735825,4.428532947806245,1.9098680410016549,0.6586881751082054,0.2195585624225645,1.995767639209366,10.670329929165515
260,E6604,24.67502,117.3637,451.8762607299961,5.961058608744421,2.8474067239777936,4.392917758635787,6.794956468744734,1.3638849531200623,1.4152949062011795,0.630524446950814,1.9735202202936672,10.655724741346324
261,E6809,25.0251,117.6414,452.8699904385357,2.003640063657278,2.7146646016925677,1.9078699078512549,2.7171672226012027,0.5189947906104407,0.38218523133520654,0.09968036438520553,0.6083293525924798,9.122416316533569
262,E6806,24.9301,117.5546,452.989720883624,3.772289786794615,6.1696662079720985,3.69437033632233,6.329018695811167,2.094395880254037,3.2442522834110177,0.16092309994458429,3.8276324215582154,11.518790673714182
263,E6808,24.9783,117.5935,453.2772507605124,2.191874922953483,2.5323733442045557,2.427361356499518,2.9125168824423255,0.2026399687743615,0.5265144339650782,1.172676450532779,1.2645395104997184,10.075797210232096
264,C5413,25.3267,117.9259,454.6863805624213,4.803028267842368,3.3563111206874887,3.2442225780964242,5.613498880168938,0.19028041882080926,0.4573320314854756,1.3468866818602678,1.399427733986339,10.207851429647064
265,C5609,25.517,118.1559,454.79212147587907,6.0971596251210185,7.112495039159307,6.6798293397025725,9.959304072901839,0.7761286024589615,0.40927311617150075,0.5019348933873227,0.9357399645446186,9.683465534504665
266,E6803,24.8777,117.47,456.1912247904442,2.1914632712883297,2.1385625221655244,1.9019308113168802,2.3445632439207813,0.1961951230033414,0.5748089443656623,0.4558584069052437,0.7332968863874446,9.365839522895099
267,E6404,24.1031,116.9622,456.57006303710074,4.344774847606429,5.217816952566591,7.925761626473671,8.599093570978614,1.3740504519024728,0.6531073882287672,1.4393547169511043,1.9586591675227256,10.64587660883835
268,C5518,25.4026,117.9831,456.8184288328343,2.9387047072509147,5.000189470090474,0.0,5.067734237316444,0.7180994881275506,1.9221060729802713,0.0,2.0260176519052706,10.689929674639899
269,C5514,25.48101,118.07277,457.22007949865616,3.7802598680539696,3.153249662482863,2.4664455754309715,3.988624389346824,1.8319582467176598,3.283983435658487,1.0718406563130902,3.898599209249269,11.542725771100088
270,E6705,24.32019,117.07055,457.23409864063296,3.1417413491957116,4.168315545924585,2.4261836489625854,4.228064684571954,0.47763002894196266,0.35394748039517954,0.356770321212524,0.6337484437609129,9.17575071765434
271,C5419,25.1872,117.7355,457.63706871525517,4.014004150125492,4.014187832147537,2.704231405829442,4.116806202586996,0.8037752638354992,0.5966494387436219,0.7818789662319592,1.2123671739780342,10.020902506726145
272,C5411,25.3034,117.8511,458.1403996805714,7.978849361413261,4.0605247794084445,10.75941460104359,13.429867826609083,1.1076377449158632,1.3840891864280067,1.4042636637876518,1.762629529972236,10.508483125220376
273,E6706,24.25264,117.01985,458.4019533313013,2.4087043654828535,2.5379226836613555,2.2078960704403214,2.6552913530178195,0.3658374149435677,0.5880126416199492,1.7194724518353777,1.8219613588873116,10.551617485968066
274,E6611,24.6228,117.2426,458.95824368901145,3.0368447214733743,3.9214699807434905,2.3201127095434444,4.018496467473747,1.2215943398506124,1.3922009599757839,0.9736453926736051,1.999354257051962,10.672669255168545
275,C5603,25.7428,118.3982,459.58066330755526,4.474170054157759,3.682598476143098,3.8124545402166112,5.081436683205529,0.5777962455222792,2.132516602206609,1.642016555756363,2.711614235894135,11.06968371582953
276,E6605,24.76067,117.3355,459.5889494086701,6.7864921384560715,5.315873758145054,6.361180678769416,8.700713013011335,1.0934683864378671,0.4421483665421706,2.4055326295130675,2.636919516383465,11.0332906235965
277,E6802,24.8525,117.399,460.2748849007667,2.3468573341630488,1.927183219426093,1.8218371811252163,2.4499520796126895,0.9509800545353893,0.5918616852747421,0.44807720086573716,1.1683750804922088,9.972746856852147
278,C5610,25.6045,118.17998,460.71649668359413,2.5710928761657934,2.5311008392725736,2.5285924535378164,2.8321632343303604,0.2188036686916788,0.1288783474559258,1.4679038573334922,1.476058373534904,10.277310598483037
279,E6810,25.0094,117.5234,460.94108647014275,2.9283431038639933,2.9615276527402115,2.2380420033310147,2.991432562690372,0.8418290752793719,0.9025207601826492,1.3419512150699429,1.7863521994614318,10.525901267133921
280,E6612,24.688,117.2438,462.77677872031956,2.9314371494705935,5.569598329019355,8.508595924200765,8.50910012154755,3.2067140281035864,11.502088036939474,8.51568696566349,14.622341703080028,12.0
281,C5516,25.4105,117.8977,463.34405470879665,3.0474049129780973,3.8642873646728404,3.958176902659576,4.48000457714534,0.40607167402769306,0.7574697513615447,0.2829623391457403,0.8214055075057154,9.513672831386803
282,C5616,25.55279,118.0419,465.2518451041705,2.034365592840637,2.3989388080708545,0.0,2.3991226736240594,2.5199689806761683,1.1681881163545655,0.0,2.768178521852502,11.096582283967638
283,E6708,24.32959,116.98135,465.7458027919961,2.0590006845474,2.3966500136681375,2.2446646553104865,3.0485741120653933,0.22963314659972991,0.13039446856084866,0.562415024134252,0.5874170813138,9.076839713243022
284,E6807,25.1093,117.5512,465.8420203746783,2.3203000368644644,2.8589139241664037,4.734306510986897,4.88766784748125,1.4398982738595447,0.14078095994639617,0.5119010495696591,1.478210117416766,10.27920851127425
285,C5515,25.48492,117.93227,466.9856987162501,7.483677950448107,4.017483660598414,27.666913918381113,28.941384493425826,1.5551153301237928,0.640867940547522,3.994752718666166,4.255041196241186,11.656711307513484
286,C5611,25.64394,118.1318,467.16042260284155,2.8561169067162107,4.4197168184581965,2.8778955109317765,4.509471656152462,1.956928317119871,3.242359409039898,1.6591484009885928,4.104461617387772,11.609768596231048
287,E6707,24.3039,116.942,468.0129881063007,3.245910603774504,2.591099077125037,2.1113594679450927,3.2752061588613137,1.3947853210223287,1.7485440665770209,0.825782332948988,2.338723660965283,10.87693672835026
288,C5615,25.61747,118.08316,468.01535997386253,2.1273654207050563,2.0589496334392647,1.7994365328032957,2.238763314571924,0.5293077790609267,0.6522351197533092,0.2999276170369076,0.8593885403519894,9.572568674660788
289,C5412,25.3594,117.7687,468.3981053449046,2.6548927807034093,13.67061173388282,8.642263949604208,16.173972292323757,2.319936783229203,2.2074233415440037,1.2126583843651741,3.2839090908336903,11.319173377836945
290,E6609,24.63,117.1064,471.06939791883303,4.436698056090083,2.5027405094387873,2.3207806752061892,4.633198614748767,0.36444410756966517,1.3726997856742176,0.19610441083360555,1.39672464817781,10.205332391792174
291,E6801,24.9608,117.3496,471.444302872433,2.0485239498610315,2.9777046323887975,2.460077841473639,3.0152544317780268,1.0500057225916382,0.9958598723845605,0.36948976121467497,1.4245459345656908,10.231029372955565
292,C5605,25.7743,118.232,472.28994666297467,2.37911746710658,3.3067986356126444,2.4982277144949605,3.586442147219048,1.2143576837554757,0.15741744590015522,1.2820953252562821,1.717427026939205,10.474634879166974
293,C5410,25.2645,117.6116,472.62566748828544,3.007957651750331,2.9941370064818327,1.8782106251628805,3.016037757846146,0.8426638100338267,1.1398077210847302,0.392038388280805,1.4334396182994014,10.239138210804573
294,C5612,25.7256,118.1542,472.80255035035395,2.337141545371379,2.890254368414236,1.7386777051939277,2.920204311244161,1.8905964766064012,0.2600532130974532,1.4031596499973615,2.3456478669897676,10.880788446737904
295,E6610,24.5818,117.0534,472.8989656135102,2.19970802334091,2.933438878788483,2.352185763768131,3.0336401829982633,0.8067621283133143,1.960348319622965,0.31834207176107804,2.105176634520251,10.739865623335687
296,C5613,25.68837,118.07995,474.2668035350688,4.043189071187318,2.799356529125099,2.4062339188571897,4.054195722194376,2.000503114850722,0.2565346461823224,0.5667808175816501,2.0718777559376407,10.719092383304684
297,C5517,25.4667,117.783,475.8299139211416,2.550270260825425,2.4064553327146854,2.022635699604271,2.647140483747881,1.9458577313440975,1.3236833788053857,0.666760443721423,2.4199126525926564,10.92139907085662
298,E6606,24.88009,117.2268,476.1800340532608,2.573575873091634,2.9673685628227866,1.876228316099138,3.16037181160971,1.3132166282305695,2.1416751830686716,0.13524581677997047,2.4912215361944257,10.959237048930772
299,E6607,24.8245,117.1831,476.29105792399486,3.5548392069866614,3.014041494359735,2.968039775486706,4.413461343874608,0.21130448494286944,0.2855330461694636,0.567553687670841,0.5924391395293915,9.08793122746853
300,C5607,25.8733,118.2743,478.5750510435689,3.231673158741198,7.523406807557469,8.159139607784219,8.406917519191985,0.8294312102342175,1.1400288069904487,1.603409765655902,2.0608457426592905,10.71213645624147
301,E6608,24.6993,117.0627,478.87873523068816,3.1382384442041227,5.519464664439202,2.799371344431105,5.580699251561968,1.5012653659041726,4.813957015775054,1.70351339992084,5.301636648885957,11.943229879287106
302,C5614,25.6891,118.0046,479.16521566458863,3.2946684833395596,2.9305143750542078,2.142945250210151,3.3540356817961694,1.1558176533031654,1.3612940379590674,0.15803027375779855,1.7706486283436618,10.514397161981057
303,C5606,25.8438,118.2043,480.1099805740063,5.337451154801065,2.9411304202747353,3.868354353991978,5.736622211314104,3.0270827580055983,1.7937022733525716,0.7654606084740248,3.556866926879011,11.423202851669323
304,C5608,25.8054,118.13,481.2555736569416,3.4242643453403065,3.8263284326768834,1.976577845604042,3.9934169758739158,0.5711735388796216,0.7028960074433142,0.21256496803320815,0.874205664878459,9.594840849211362
